{
    "comments": {
        // symbol used for single line comment. Remove this entry if your language does not support line comments
        "lineComment": "ignore",
        // symbols used for start and end a block comment. Remove this entry if your language does not support block comments
        "blockComment": [ "start ignoring", "stop ignoring" ]
    },
    // symbols used as brackets
    "brackets": [
        ["start:", "finish"],
        ["[", "]"],
        ["with", "here"]
    ],
    // symbols that are auto closed when typing
    "autoClosingPairs": [
        ["start:", "finish"],
        ["[", "]"],
        ["with", "here"],
        ["\"", "\""],
        ["'", "'"]
    ],
    // symbols that that can be used to surround a selection
    "surroundingPairs": [
        ["start:", "finish"],
        ["[", "]"],
        ["with", "here"],
        ["\"", "\""],
        ["'", "'"]
    ]
}