{
	"$schema": "https://raw.githubusercontent.com/martinring/tmlanguage/master/tmlanguage.json",
	"name": "Pseudo Script",
	"patterns": 
	[
		{
			"include": "#keywords"
		},
		{
			"include": "#strings"
		}
	],
	"repository": 
	{
		"keywords": 
		{
			"patterns": 
			[
				{
					"name": "comment.block",
					"match": "\\b(start ignoring|stop ignoring)\\b"
				},
				{
					"name": "comment.line",
					"match": "\\bignore:([\\s\\S]*?)\n"
				},
				{
					"name": "keyword.control.pseudoscript",
					"match": "\\b(if|while|for|give value of|self)\\b"
				},
				{
					"name": "entity.name.function",
					"match": "\\b(the steps for block)\\b"
				},
				{
					"name": "variable.parameter",
					"match": "\\b(\\bwith(.*)\\bhere)\\b|\\b(\\which takes(.*)\\bare)\\b"
				},
				{
					"name": "keyword",
					"match": "(start:|then:|finish)"
				},
				{
					"name": "keyword.control",
					"match": "(do block |start program by:)"
				}
			]
		},
		"strings": 
		{
			"name": "string.quoted.double.pseudoscript",
			"begin": "\"",
			"end": "\"",
			"patterns": 
			[
				{
					"name": "constant.character.escape.pseudoscript",
					"match": "\\\\."
				}
			]
		}
	},
	"scopeName": "source.pseudoscript"
}